item_id,question_id,answer_shown
FL001,V2Q032,"The factors considered when deciding whether conduct has the effect required for harassment are: 
1. The perception of the person (e.g., whether they regarded the conduct as violating their dignity). 
2. The other circumstances of the incident, including personal circumstances (e.g., mental health, culture), the environment, and the situation. 
3. Whether it is reasonable for the conduct to have that effect (an objective test, such as whether a normal person would expect the incident to be harassment)."
FL002,V2Q008,"After a student is notified that programme-fee payments remain outstanding, the University will give them 5 working days to settle the outstanding balance. If the student fails to pay within this period, the University will apply academic sanctions as prescribed in section 7.1, which include restricting access to services such as Library services, MWS account (and all University IT facilities), Graduate Document Portal, and the ability to request secure documents. These sanctions will remain in place until the student settles the debt or establishes a suitable payment arrangement."
FL003,V2Q024,"If a Student Route visa holder reaches Stage Three and fails to meet the agreed re-engagement conditions, the Home Office may refuse their visa application. This could result in the student being required to leave the UK, as failing to comply with re-engagement requirements typically indicates a breach of visa conditions. However, specific outcomes depend on the circumstances and decisions made by the Home Office. If uncertain about exact procedures, it is advisable to consult official UKVI guidance or seek advice from the university's immigration support team."
FL004,V2Q043,"During a Master's dissertation or PhD writing-up period, a Student visa holder must treat this time as term time. This means they should not plan to work more than 20 hours per week and must remain living in the Liverpool area."
FL005,V2Q094,"A complaint involving harassment or sexual misconduct can move into the student-conduct process under the Student Conduct Policy, which explicitly covers such complaints. If the report is anonymous, it may still be investigated if there is supporting evidence (e.g., CCTV, social media) or if exceptional circumstances (e.g., fear of reprisals) justify withholding the reporting party’s identity. The Student Conduct Team would assess the case and determine the appropriate process, ensuring compliance with University policies."
FL006,V2Q072,"The Diversity and Equality of Opportunity Policy provides an overarching framework for the University’s approach to equality, and other equality-related policies and plans support this framework. For example, Appendix D of the policy lists specific supporting documents such as the Equality Objectives Action Plan, Bullying & Harassment Policy, and Athena Swan Action Plan, which are all part of the University’s broader equality initiatives. Additionally, the policy’s principles are applied in specific areas like student admissions and program approvals, as outlined in the University’s governance and student-related policies. The policy also emphasizes collaboration through committees like the Equality, Diversity & Inclusion Committee, which oversees advancing equality across the University."
FL007,V2Q059,"The transition from Early Resolution to the Formal Complaint stage typically occurs when the Early Resolution process does not resolve the concern satisfactorily, or if the student chooses to escalate the issue formally. However, the exact criteria (e.g., timeframes, specific unresolved issues) depend on the University of Liverpool’s official policies. For precise details, I recommend consulting the university’s Student Complaints and Appeals Policy or contacting the Student Support team directly."
FL008,V2Q021,"The University can protect its Student sponsor licence by: 
1. Reporting the student’s change of circumstances to UKVI via SMS and withdrawing sponsorship, requiring the student to leave the UK and obtain a new CAS. 
2. Administratively interrupting or withdrawing the student from their programme of study to protect the licence. 
3. De-registering the student from their programme if required documentation is not provided or if compliance cannot be achieved within a reasonable timeframe. 

These actions are explicitly stated in the evidence as measures to safeguard the sponsor licence when a student’s circumstances no longer align with sponsorship requirements."
FL009,V2Q007,"I’m not certain about the specific criteria for escalation to Stage Two under the University of Liverpool’s Attendance Policy. Policies can vary, and I don’t have access to the exact details of this policy. I recommend checking the official Attendance Policy document or contacting the Student Support Services team for precise information."
FL010,V2Q006,"Students involved in a student-conduct investigation are expected to engage fully with the procedure, including attending investigation meetings, agreeing to meeting notes or statements, and participating in University Disciplinary Panels when required. Both reporting and responding students, as well as witnesses, must actively participate in these processes. Additionally, a student may be accompanied by one other person (e.g., a friend) at an investigation meeting. Failure to engage may result in the investigation being closed."
FL011,V2Q061,"The roles are divided such that the Academic Integrity Office (AIO) investigates academic-integrity offences, and the Academic Integrity Committee (AIC) makes recommendations to the relevant Board of Examiners based on the AIO's findings."
FL012,V2Q080,The protection against maternity discrimination in the non-work context applies for **26 weeks after giving birth**.
FL013,V2Q002,"Students and staff should raise concerns by reporting incidents to their line manager, Head of Department, HR Business Partner, or programme leader, and/or using the University’s Report and Support provision (named or anonymously). They should also challenge unlawful behavior through appropriate departmental structures or reporting procedures, such as Report & Support."
FL014,V2Q011,"The appeal papers must be provided **no less than 5 working days prior to the hearing**. Submitting them on the day of the hearing would violate this requirement. Therefore, the statement is incorrect."
FL015,V2Q091,"I don't have specific information about the roles of Appendix A and Appendix B in the University of Liverpool's student-conduct process, as this would depend on their current policies or documentation. To get accurate details, I recommend checking the official student conduct policy document or contacting the University's student support office directly."
FL016,V2Q084,"The Undergraduate and Postgraduate Handbooks both advise that if a student has been a victim of crime and needs ongoing support, they should first report the incident to the Police. After this, they should contact the Wellbeing Team or Campus Support for further assistance. Both handbooks emphasize this sequence to ensure immediate safety and access to support services."
FL017,V2Q088,"The monitoring expectations differ as follows: 

1. **Postgraduate dissertation students** are required to maintain regular contact with their supervisor (at least once per semester) and must be available during normal office hours. Failure to respond within a one-month period triggers escalation to Stage One of the intervention process. 

2. **Student Route students studying abroad** are monitored by their School’s Dean for engagement, but UKVI compliance risks (e.g., failure to meet monitoring duties abroad) are assessed by the Global Opportunities Team. If monitoring cannot be fulfilled, the University may withdraw sponsorship, requiring a new visa. 

The key differences are the focus of monitoring (supervisor engagement vs. compliance/visa adherence) and the consequences (intervention process vs. visa cancellation)."
FL018,V2Q088,"The monitoring expectations differ as follows: 
- A postgraduate student working on a dissertation is expected to maintain regular contact with their supervisor and must be available during normal office hours. If no contact occurs within a rolling one-month period, they are escalated to Stage One of the intervention process. 
- A Student Route student studying abroad is monitored by the Dean of School for engagement, but the Global Opportunities Team handles UKVI compliance risks. If monitoring cannot be fulfilled at the study abroad location, the University may withdraw sponsorship, requiring a new visa. Additionally, during study abroad periods, the University’s standard attendance expectations and intervention thresholds do not apply. 

These differences highlight stricter academic supervision for dissertation students versus compliance-focused monitoring for Student Route students abroad."
FL019,V2Q076,"A responding student has the following support and representation options during a conduct investigation meeting: 
1. They may be accompanied by one other person (e.g., a friend or family member) for support purposes,,. 
2. They are entitled to seek independent legal advice at their own expense, and their statements can be compiled by a legally qualified person on their behalf. 
3. The Guild of Students’ Advice Service provides trained advisers who can offer support and representation,,. 

These options are explicitly stated in the evidence. The assumption that a legal representative is permitted is incorrect, as clarifies that students cannot be accompanied by a legal representative at the meeting."
FL020,V2Q086,"The evidence provided does not explicitly distinguish between the complaints route and an assessment appeal. While both the Undergraduate and Postgraduate Handbooks mention assessment appeals (e.g.,,,) and reference the Student Complaints Policy (e.g.,), they do not provide specific details on how the complaints route differs from an assessment appeal. The distinction is not clearly outlined in the given evidence."
FL021,V2Q075,"The answer is based on the following evidence: 

- states that ""in some cases where it is accepted that independent documentary evidence is not available, less independent evidence may be acceptable."" This directly addresses the scenario where independent evidence is unavailable. 
- provides specific examples of alternative evidence (e.g., funeral order of service, letter from a clergyman, or obituary) that can be submitted in place of independent documentary evidence for certain circumstances like bereavement. 

Thus, when no independent documentary evidence is available, less independent evidence (as outlined in) or specific alternative evidence (as detailed in) may be accepted, depending on the circumstances."
FL022,V2Q024,"The Student Route visa holder who reaches Stage Three and fails to meet the agreed re-engagement conditions must be referred to the UKVI Attendance Compliance Panel. This referral is required within ten working days, and the student is not obligated to attend unless specifically invited."
FL023,V2Q082,"The three stages of the Student Complaints Procedure described in the Postgraduate Handbook are **Early Resolution**, **Formal Complaint**, and **Review**."
FL024,V2Q015,"The assumption in the question is incorrect. According to the evidence, registration and fee liability **do not automatically stop** if a student stops attending without completing the formal withdrawal or suspension process. 

- and explicitly state that registration remains active and fee liability continues unless the official withdrawal/suspension form is completed. 
- and emphasize that failing to inform the Student Loans Company (SLC) or the University about changes (e.g., withdrawal) may result in ongoing financial obligations. 

Thus, the correct answer is: **No, this is not correct. Registration and fee liability persist unless the formal process is completed**."
FL025,V2Q001,"A Student Route visa holder moving to another UK university for an intercalated year would typically need to provide **evidence of a confirmed offer or acceptance from the new university** (e.g., an offer letter or confirmation of enrollment). They may also need to demonstrate continued compliance with their Student Route visa conditions, such as proof of sufficient funds or valid visa status. 

The **deadline** for submitting this evidence to the University of Liverpool would likely be **before the start of the new academic term** at the new institution. However, the exact date and specific requirements (e.g., additional documents) should be confirmed directly with the **University of Liverpool’s International Office** or Student Visa Support team, as policies can vary. 

If you are unsure, it is critical to seek clarification from the university to avoid any risk to your visa status."
FL026,V2Q008,"After a student is notified that programme-fee payments remain outstanding, the University will give them 5 working days to settle the outstanding balance. If the student fails to pay within this period, the University will apply academic sanctions, including restricting access to Library services, removing their MWS account (and access to University IT facilities), and limiting access to the Graduate Document Portal and secure document requests. These sanctions remain in place until the debt is settled or a payment arrangement is established."
FL027,V2Q011,"I'm not certain about the specific policy at the University of Liverpool regarding submitting appeal papers on the day of the hearing. It’s important to confirm this directly with the University’s Student Services or the relevant disciplinary office, as procedures can vary. I recommend checking their official guidelines or contacting them for accurate information."
FL028,V2Q038,"The Postgraduate Handbook advises students to use the correct academic regulations and codes for their cohort and degree to ensure they follow the specific rules, requirements, and deadlines applicable to their program and year of study. This helps avoid errors in assessments, submissions, or compliance, which could impact their academic progress or outcomes. Regulations may vary between cohorts (e.g., due to changes in policies or program structures) and degrees (e.g., differing module requirements or assessment criteria), so using the correct ones ensures accuracy and fairness."
FL029,V2Q075,"When no independent documentary evidence is available, an extenuating-circumstances claim can be supported by providing evidence that you alerted someone within the University (e.g., an academic adviser, teaching support staff, or a central support service) at the time of the difficulties."
FL030,V2Q055,The undergraduate student should first report the incident to the Police and Campus Support to ensure their safety and seek further assistance.
FL031,V2Q001,"The evidence required is proof of registration at the other UK HEI, and it must be submitted within 10 working days of completing registration. This is specified in."
FL032,V2Q083,"The evidence provided only includes information from the **Postgraduate Handbook** (evidence). There is no mention of advice from the **Undergraduate Handbook** in the given evidence. Since the question requires comparing both handbooks, but the evidence does not contain any information about the Undergraduate Handbook’s guidance on securing belongings or reporting theft, it is impossible to determine whether the advice differs materially. 

Answer: The evidence does not provide information about the Undergraduate Handbook’s advice, so a comparison cannot be made."
FL033,V2Q094,"A complaint involving harassment or sexual misconduct can move into the student-conduct process if it is made by a student against another student, as such cases fall under the **Student Conduct Policy**. If the original report is anonymous, the university may still investigate if there is supporting evidence (e.g., CCTV footage or social media posts) or if exceptional circumstances exist (e.g., genuine fear of reprisals), though this is the exception rather"
FL034,V2Q006,"I'm not certain about the specific expectations for student participation in a student-conduct investigation at the University of Liverpool, as this would depend on the university's official policies and procedures. For accurate and detailed information, I recommend consulting the university's student conduct guidelines or contacting their student support services directly."
FL035,V2Q070,"The Postgraduate Handbook's sections on programme rules cover topics such as eligibility for awards, academic requirements (e.g., individual subject benchmarks, vocational/non-vocational programmes), research components, and transferable skills. There is no explicit mention of student conduct in the provided Postgraduate Handbook evidence. Student conduct rules are referenced in the University’s Payment Policy, not the Postgraduate Handbook. 

Answer: The Postgraduate Handbook covers programme rules related to eligibility, academic requirements, research components, and transferable skills. Student conduct is not covered in the provided Postgraduate Handbook sections."
FL036,V2Q011,"The evidence does not support the claim that appeal papers can be provided on the day of the hearing. According to and, an appeal must be submitted **within 10 working days of receiving the outcome letter**, and it must include specific details (e.g., hearing date). There is no mention of submitting appeal papers on the day of the hearing itself. Therefore, the assumption is incorrect. 

ANSWER: No, this is not correct. The appeal must be submitted within 10 working days of receiving the outcome letter, not on the day of the hearing."
FL037,V2Q091,"Appendix A outlines the procedural steps for handling student conduct cases, including criteria for referring cases to a Full Hearing and the role of the Student Conduct Manager in reviewing cases. Appendix B provides a non-exhaustive list of student conduct breaches and the indicative sanctions associated with each, guiding decisions on penalties."
FL038,V2Q101,"The equality policy (Evidence and) establishes legal obligations under the Equality Act 2010 and promotes an inclusive environment by requiring students and staff to refrain from unlawful discrimination, harassment, or sexual misconduct. The complaints policy (Evidence and) provides the procedural framework for addressing such issues, allowing students to report incidents and ensuring they are handled under relevant policies (e.g., Student Conduct Policy, Bullying and Harassment Policy). Together, the equality policy sets the standards and legal framework, while the complaints policy enforces accountability through structured reporting and resolution processes.,,,"
FL039,V2Q059,"A concern should move from Early Resolution to the Formal Complaint stage if the student is dissatisfied with the Early Resolution response, feels unable to approach the person directly against whom the complaint is made, or believes the complaint is serious enough to require formal resolution."
FL040,V2Q005,"The University of Liverpool does offer assistance with jury service disruptions. Evidence and state that students can request deferral of jury service (usually for up to 12 months) by completing a form and submitting it to the Summoning Bureau. This process implies the University provides support for such requests. Therefore, the assumption that the University offers ""no help"" is incorrect. 

Answer: No, the University does offer help through deferral processes."
FL041,V2Q048,"The University service that provides specialist immigration advice and support to international students is **International Advice and Guidance (IAG)**. This is explicitly stated in the evidence: 
- describes IAG as offering ""professional and expert immigration advice to international students"" and advising on visa extensions and family-related immigration matters. 
- confirms IAG provides ""professional and expert immigration advice"" to international students. 
- reiterates that IAG supports students with visa-related issues, including extensions and compliance. 

No other service in the evidence is described as handling specialist immigration advice. and focus on wellbeing, English language support, or general student services, not immigration. 

Answer: International Advice and Guidance (IAG)."
FL042,V2Q081,"The University of Liverpool is committed to providing an inclusive environment under its equality policy. This is explicitly stated in Evidence, which highlights that ""ensuring equality of opportunity is a guiding principle"" and emphasizes the University's commitment to an inclusive environment for students and staff. Additionally, Evidence reinforces this by stating the University's goal to ""deliver inclusion"" as part of its equality efforts. 

Answer: The University is committed to providing an inclusive environment."
FL043,V2Q072,"The Diversity and Equality of Opportunity Policy serves as the overarching framework for the University’s approach to equality, with other policies and plans (such as the Equality Objectives Action Plan, Athena Swan Action Plan, and Race Equality Charter Action Plan) supporting or embedded within this framework. Additionally, the policy is underpinned by institutional strategies and policies where diversity and equality are integrated, as listed in Appendix D."
FL044,V2Q084,"The Undergraduate and Postgraduate Handbooks for the University of Liverpool generally advise students who have been victims of crime to seek support through the university’s Student Support and Wellbeing Service. This service can provide guidance on reporting the incident to the police, accessing counseling, and connecting with external organizations like Victim Support. However, the specific wording or steps may vary between the handbooks. For precise details, I recommend consulting the relevant sections of the handbooks or contacting the Student Support and Wellbeing Service directly, as I cannot confirm exact advice without reviewing the current handbooks."
FL045,V2Q032,"The factors considered when deciding whether conduct has the effect required for harassment are: 
1. The perception of the person (e.g., whether they regarded the conduct as violating their dignity). 
2. The other circumstances of the incident (e.g., personal circumstances, environment, or situation). 
3. Whether it is reasonable for the conduct to have that effect (an objective test, such as whether a normal person would expect the incident to be harassment)."
FL046,V2Q049,"The Undergraduate Student Route visa holder normally needs to request a new Confirmation of Acceptance for Studies (CAS) from the University at least three months before they expect to return to their studies after an interruption. This requirement is explicitly stated in, which specifies that a new CAS must be applied for and issued three months prior to resuming studies. Additionally, reinforces the need for a new CAS if studies are interrupted, though provides the specific timing detail. and also mention CAS requirements but do not specify the three-month timeframe for returning after an interruption. focuses on visa application compliance rather than the CAS requirement for returning."
FL047,V2Q071,A graduate can apply for the Graduate Route visa after being successfully awarded an eligible qualification and after receiving confirmation from the University that a report has been.
FL048,V2Q072,"The Diversity and Equality of Opportunity Policy at the University of Liverpool is likely designed to complement other equality-related policies by establishing a foundational framework for equitable access, inclusion, and fairness across the institution. It may intersect with policies focused on specific protected characteristics (e.g., gender, race, disability) by ensuring that opportunities are distributed fairly and that systemic barriers are addressed holistically. However, without access to the University’s specific policy documents or official guidance, I cannot provide a definitive or detailed explanation of how these policies interrelate. For precise information, I recommend consulting the University’s Equality, Diversity, and Inclusion (EDI) resources or contacting their EDI office directly."
FL049,V2Q002,"To raise concerns about harassment, bullying, discrimination, or victimisation, students or staff should report incidents to their line manager, Head of Department, HR Business Partner, or programme leader, or use the University’s Report and Support provision (named or anonymously). They should also challenge unlawful behaviour through appropriate reporting or complaints procedures, such as Report & Support."
FL050,V2Q063,"The updated Recognition of Prior Learning (RPL) policy implies that prior credit must be matched to **specific learning outcomes** of the programme, as general credit recognition is no longer permitted. This is explicitly stated in evidence, which clarifies that credit can only be recognized against specific learning outcomes, not broadly or generically."
FL051,V2Q042,"The evidence does not explicitly classify ""unauthorised use of University premises"" in the indicative student-conduct sanctions table. While mentions ""Unauthorised entry into another student’s room within their accommodation"" as part of non-academic misconduct, this is a specific example and does not address the broader classification of unauthorised use of premises. No other evidence directly addresses this classification."
FL052,V2Q020,"The answer is that one re-sit or re-take is normally allowed for each affected assessment if extenuating circumstances are accepted. This is explicitly stated in, which specifies that ""you will be permitted one re-sit/re-take of each of the examinations/assessments"" affected by extenuating circumstances."
FL053,V2Q074,"The evidence does not provide information about whether a retrospective extenuating circumstances claim regarding a previous resit could affect how a later resit attempt is counted. The policies outlined focus on claims related to the original attempt or the first resit, but there is no mention of retrospective claims impacting subsequent resits. 

Answer: The evidence does not address this scenario.,,,, do not provide information on retrospective claims affecting later resits."
FL054,V2Q063,"The updated Recognition of Prior Learning (RPL) policy implies that prior credit must be matched to **specific learning outcomes** of the programme, rather than general credit. This is stated in, which clarifies that ""credit can only be recognised against specific learning outcomes"" and removes references to ""general credit."" 

Answer: The policy requires prior credit to align with specific learning outcomes of the programme."
FL055,V2Q052,"A postgraduate student should contact the Wellbeing Team for ongoing support, report the incident to the Police, and report the incident to the University via the online reporting tool."
FL056,V2Q093,"The University of Liverpool's conduct framework addresses disciplinary sanctions for abusive conduct in intimate relationships as a serious breach of the student code of conduct, typically categorized under harassment or violence. The seriousness of the breach would depend on the severity and impact of the conduct, as outlined in the policy. Grounds for appeal generally include procedural errors, new evidence, or if the sanction is deemed disproportionate. However, I cannot provide exact details about specific provisions in the framework without referencing the official policy. For precise information, I recommend consulting the full student conduct policy or contacting the Student Support Services team."
FL057,V2Q024,"The Student Route visa holder who reaches Stage Three and fails to meet the agreed re-engagement conditions must be referred to the UKVI Attendance Compliance Panel. This is explicitly stated in, which specifies that such students are referred to the UKVI panel (rather than a Progression Board) and that the panel should be convened within ten working days. The student is not required to attend unless specifically invited."
FL058,V2Q008,"After a student is notified that programme-fee payments remain outstanding under the 2026–27 Payment Policy, the University will prevent them from registering for a new academic year until all outstanding debts are paid [4.7.5]. Additionally, if the debt persists one calendar month before the award of a degree, diploma, or certificate, the student will be deemed ineligible to receive the award [4.7.6]. The University may also apply proportional academic sanctions as part of its risk-based review process [4.7.7]."
FL059,V2Q043,"During a Master's dissertation or PhD writing-up period, a Student visa holder should treat this time as term time. They must not work more than 20 hours per week and should remain living in the Liverpool area during their studies. This period is considered part of their academic term, not a vacation, so full-time work or leaving the UK would violate visa conditions."
FL060,V2Q092,"The mitigating factors considered under Appendix A directly influence the severity of sanctions described in Appendix B. Specifically: 
1. If a responding student provides mitigating circumstances (as outlined in 9.7 and 3.9), the Chair or designated staff will review these factors before imposing sanctions. This review may lead to a reduced category of breach (as per 1.3), resulting in less severe sanctions. 
2. Mitigating factors can lower the breach category, which in turn determines the applicable sanctions listed in Appendix B (e.g., 1.4 specifies sanctions tied to breach categories). 

Thus, mitigating factors from Appendix A are used to adjust the breach classification in Appendix B, which directly impacts the sanctions applied."
FL061,V2Q039,"The Student Loans Company (SLC) pays a 2026–27 programme-fee loan to the University in three disbursements, as outlined in. These payments occur on specific dates with corresponding proportions of the full fee: 25% on 28 September 2026, 25% on 11 January 2027, and 50% on 5 April 2027."
FL062,V2Q005,"The University of Liverpool does offer assistance in such cases. Evidence states that if jury service interferes with studies, students may need to leave the UK and apply for a new Confirmation of Acceptance for Studies (CAS) from the University. This implies the University provides support to manage the disruption caused by jury service. Therefore, the assumption that the University offers ""no help"" is incorrect."
FL063,V2Q043,"During a Master's dissertation or PhD writing-up period, a Student visa holder should treat this time as part of their studies, as it is an integral component of their degree. Here’s how to approach work and residence:

1. **Work Permissions**: 
 - You may work **part-time (up to 20 hours/week)** during term time and **full-time during breaks** (including the writing-up period, if it aligns with a university-recognized break). 
 - Ensure any work does not interfere with your academic responsibilities. 

2. **Residence Status**: 
 - You must remain registered as a full-time student with your university. If you are not enrolled in formal classes during the writing-up period, confirm with your university that you are still considered a full-time student (some institutions may require specific registration for this phase). 
 - Avoid prolonged periods of non-enrollment, as this could risk your visa status. 

3. **Key Considerations**: 
 - If you are not attending classes but are actively working on your thesis, ensure your university confirms your student status. 
 - Do not exceed the permitted working hours unless during a recognized break. 

If unsure about specific university requirements or visa conditions, consult your university’s international office or the UK Visas and Immigration (UKVI) guidelines."
FL064,V2Q029,"The University of Liverpool undertakes an annual risk-based review of all outstanding programme fee debts, and the results of this review inform its decision-making process before applying academic sanctions."
FL065,V2Q020,"The answer is that normally one re-sit or re-take is allowed for each affected assessment. This is specified in evidence, which states: ""You will be permitted one re-sit/re-take of each of the examinations/assessments judged by the Extenuating Circumstances Committee to have been affected by extenuating circumstances."""
FL066,V2Q029,"The University undertakes an annual risk-based review of all outstanding programme fee debts, and the results of this review inform its decision-making before applying academic sanctions."
FL067,V2Q001,The Student Route visa holder must provide evidence of their registration at the other UK HEI to the University of Liverpool within 10 working days of completing their registration.
FL068,V2Q002,"Students or staff should contact the **Student Support and Wellbeing team** or the **Equality and Diversity office** at the University of Liverpool to raise concerns about harassment, bullying, discrimination, or victimisation. They can also approach a trusted staff member, union representative, or use the university’s online reporting system (if available). If unsure, they may seek guidance from a designated staff member. Always ensure the process aligns with the university’s official policies, which can be found on their website."
FL069,V2Q056,"The conduct policy requires reliable identification before treating a substance as a Class A controlled drug to ensure accurate classification, as the policy explicitly states that possession, supply, or production of a substance is only treated as a Class A controlled drug if it is ""identified as that controlled drug by the student or a suitably qualified individual or organisation"". This requirement prevents misclassification and ensures that sanctions are applied appropriately based on verified evidence of the substance's nature."
FL070,V2Q073,"The student does not have an automatic right of appeal against an Informal Resolution outcome. Evidence explicitly states, ""There is no right of appeal against actions taken under Informal Resolution"". Similarly, evidence reinforces this by confirming, ""There is no right of appeal against... decisions taken under Local Disciplinary Action"", which includes outcomes from Informal Resolution. While a student may request a review via Local Disciplinary Action procedures, this is not an automatic right but a discretionary process. The assumption of an ""automatic right"" is incorrect."
FL071,V2Q052,"If a postgraduate student becomes a victim of crime and requires ongoing support, they should contact the Wellbeing Team in the Alsop Building. This is explicitly stated in the Postgraduate Handbook as the recommended step for addressing ongoing support needs after a crime. Additional actions, such as reporting to the police or using the online reporting tool, are also mentioned but are not the primary focus for ongoing support."
FL072,V2Q007,"A student can be escalated to Stage Two under the Attendance Policy if their absence extends to eight consecutive unauthorised missed contact points. This threshold is explicitly stated in evidence, which outlines the escalation criteria. Evidence further clarifies that Stage One is triggered by five consecutive missed contact points, indicating that Stage Two requires a higher number of absences."
FL073,V2Q043,"During a Master's dissertation or PhD writing-up period, a Student visa holder should treat this time as term time. This means they must not work more than 20 hours per week and should remain living in the Liverpool area."
FL074,V2Q052,"The evidence states that if a student is recommended to seek support, advice, or guidance from internal services or external agencies after a breach, they should do so. Failure to seek such support will not result in disciplinary action, though it may not be used as a mitigating factor in future cases. This directly addresses the need for ongoing support after a crime. 

ANSWER: A postgraduate student should seek support, advice, or guidance from internal services or external agencies as recommended."
FL075,V2Q003,"A student should consult their Academic Adviser or other support services (e.g., Wellbeing Advice, Disability Advice) to discuss their personal circumstances and obtain advice before submitting a claim. This ensures they address the situation appropriately and adhere to academic integrity standards."
FL076,V2Q042,"The evidence does not explicitly classify ""unauthorised use of University premises"" in the indicative student-conduct sanctions table. However, evidence mentions ""Unauthorised entry into another student’s room within their accommodation"" as a breach, which is a specific instance of unauthorised use of premises. No general classification for unauthorised use of University premises (beyond this specific case) is provided in the evidence. 

ANSWER: The evidence does not provide a general classification for unauthorised use of University premises in the sanctions table. It only specifies ""Unauthorised entry into another student’s room"" as a breach."
FL077,V2Q093,"The conduct framework indicates that abusive conduct in an intimate relationship is considered a serious breach, potentially classified as a Category 1 breach under, which may involve aggravating factors and could lead to referral to the University Disciplinary Panel. Regarding grounds for appeal, states that a student may appeal if the sanction is deemed disproportionate to the breach, requiring the student to demonstrate a valid reason for the lack of information at the time of the decision. Sensitivity of information is not a valid reason for appeal."
FL078,V2Q006,"The expected participation from students involved in a student-conduct investigation includes fully engaging with the procedure, which entails attending investigation meetings, agreeing to meeting notes or statements, and participating in University Disciplinary Panels when required. Both reporting and responding students, as well as witnesses, are expected to engage fully in this process. Failure to participate may result in the investigation being closed."
FL079,V2Q091,"The evidence provided does not mention Appendix B at all. All references are to Appendix A, which outlines procedures for student conduct cases, including panels, investigations, and accompaniment rights. There is no information in the evidence about the role of Appendix B. [Evidence not present]"
FL080,V2Q038,"The Postgraduate Handbook advises students to use the correct academic regulations and codes for their cohort and degree because these regulations and codes are updated over time and are specifically tailored to the student's program and level of study. This ensures that students follow the most current and relevant guidelines for their academic progression, which is essential for maintaining standards and eligibility for their award."
FL081,V2Q012,"The statement is incorrect. Evidence explicitly allows postgraduate awards to include ""a combination of level 7 and up to 10 credits of modules at level 6"". Similarly, evidence and confirm that level 6 credits (up to 30 or 20 credits, respectively) can be part of a postgraduate award under specific conditions. Therefore, level 6 credit is permitted in some cases, contradicting the claim that ""no level 6 credit is permitted""."
FL082,V2Q100,"A sponsored student typically needs to provide proof of their sponsorship agreement or letter from their sponsor, which should explicitly cover accommodation fees. This may include documentation such as a signed sponsorship contract or a formal letter confirming financial responsibility. 

If a sponsored student still faces financial difficulties after meeting these requirements, the University of Liverpool’s **Student Support and Advocacy Service (SSAS)** or **Financial Aid Office** may offer assistance. Support could include guidance on budgeting, access to emergency funds, or advice on available bursaries/grants. However, specific support options depend on individual circumstances and university policies. 

For precise details, students should contact the SSAS or Financial Aid Office directly, as requirements and support services can vary."
FL083,V2Q017,"The sanctions that may follow a Category 2 student-conduct breach include: 
- Appropriate Category 1 sanctions 
- Final written warning 
- Mandatory attendance at a workshop or course (at the student’s expense) 
- Restorative action (e.g., reflective statement or project) 
- Restricted ability to contact the complainant (if applicable) 
- Requirement not to represent the University in a paid or unpaid capacity for a specified period 

These sanctions are outlined in Evidence, which specifies the possible disciplinary actions for Category 2 breaches."
FL084,V2Q088,"The monitoring expectations differ as follows: 

1. **Postgraduate students working on a dissertation** are required to maintain regular contact with their allocated supervisor (at least once per semester) and must be available during normal office hours. If no contact is received within a rolling one-month period, they are escalated to Stage One of the intervention process. 

2. **Student Route students studying abroad** are monitored by the Global Opportunities Team for UKVI compliance risks, as their study abroad period is an integral part of their programme. Additionally, they must confirm their arrival abroad and ongoing attendance at specific checkpoints (e.g., beginning of semesters). Failure to confirm these details results in escalation to Stage One of the intervention process. 

The key differences lie in the monitoring body (Global Opportunities Team vs. Academic Advisor/supervisor) and the specific requirements (confirmation of arrival/attendance vs. regular supervisor contact)."
FL085,V2Q039,"The Student Loans Company (SLC) pays a 2026–27 programme-fee loan to the University in three disbursements based on loan liability points. These payments occur on specific dates: 25% of the full year’s fee is paid on 28 September 2026, another 25% on 11 January 2027, and the final 50% on 5 April 2027."
FL086,V2Q071,"A graduate can apply for the Graduate Route visa after being awarded an eligible qualification and after receiving confirmation from the University that a report has been processed. The guide specifies that students must apply for a new ATAS certificate and visa when eligible, which occurs post-qualification and upon University confirmation."
FL087,V2Q085,"The evidence provided only includes information from the University of Liverpool Postgraduate Handbook (pages 23-24) and does not reference any undergraduate award requirements. Therefore, there is no basis in the given evidence to compare or contrast undergraduate and postgraduate award requirements. 

Answer: The evidence does not contain information about undergraduate award requirements, so a comparison cannot be made based on the provided materials."
FL088,V2Q061,"The roles are divided as follows: the Academic Integrity Office (AIO) investigates academic-integrity offences, and the Academic Integrity Committee (AIC) makes recommendations to the relevant Board of Examiners based on the AIO's findings."
FL089,V2Q005,"The assumption in the question is false. Evidence states that excusal requests for jury service should be sent directly by the student to the University, implying the University does offer assistance with court summons related to jury service. Additionally, Evidence mentions that the University provides a letter from the Director of Life to assist with deferral requests, which could include jury service. Therefore, the University does offer help, contrary to the claim."
FL090,V2Q032,"The factors considered include whether the conduct is unwanted, related to a protected characteristic (e.g., sex, race, religion), and whether it violates the person’s dignity or creates an intimidating, hostile, degrading, humiliating, or offensive environment."
FL091,V2Q052,"If you are a postgraduate student at the University of Liverpool who has been a victim of crime and requires ongoing support, you should: 

1. **Report the incident to the police** to ensure the crime is formally documented. 
2. **Contact the University of Liverpool’s Student Support Services** or Security Team for immediate assistance and guidance tailored to your situation. 
3. **Seek ongoing support** through university counseling services, victim support organizations (e.g., local charities or national helplines), or legal advice if needed. 

If you are unsure about specific steps or resources, explicitly reach out to the university’s Student Support Services for personalized advice. I cannot provide exact details without confirming the current protocols, so contacting the university directly is recommended."
FL092,V2Q094,"A complaint involving harassment or sexual misconduct can move into the student-conduct process because such complaints are explicitly covered under the Student Conduct Policy (evidence). If the original report is anonymous, the process may still proceed under specific conditions: 
- An anonymous complaint can be investigated if there is supporting evidence (e.g., CCTV footage or social media posts) indicating a potential policy breach. 
- In exceptional circumstances (e.g., genuine fear of reprisals), the reporting student’s identity may be withheld from the responding student, though this is rare and assessed case-by-case. 
- However, if the reporting party does not wish the substance of the allegation disclosed to the responding party, the report cannot be investigated. 
Anonymous complaints may face limitations in the investigation process, and staff should seek guidance from their line manager."
FL093,V2Q066,"The student should include all relevant issues and evidence when requesting a Review of a formal complaint because, as stated in, the Review process requires the student to provide ""all relevant documentation or other evidence which they wish to be taken into consideration"" along with the complaint details. This ensures the Review has complete information to assess the case properly. Additionally, specifies that a Review request must include ""all correspondence received by or provided by the student"" and the ""nature of the complaint,"" reinforcing the need for comprehensive submission. explicitly ties the requirement to the Review process by stating that new issues are not considered unless related to procedural conduct, emphasizing the importance of including all relevant details upfront."
FL094,V2Q094,"The University of Liverpool has procedures in place to address complaints involving harassment or sexual misconduct. If a complaint is made (including anonymously), it is typically reviewed by the relevant office, such as the **Student Conduct and Discipline team** or the **Equality and Diversity Service**. 

For a complaint to move into the formal student-conduct process: 
1. The complaint must meet the university’s criteria for a conduct violation (e.g., breaches of the Student Code of Conduct). 
2. The university will investigate the complaint, which may involve gathering evidence and speaking to involved parties. 
3. If the investigation supports the allegation, the case may proceed to a formal conduct hearing or resolution process. 

**Regarding anonymous reports**: 
The university may accept anonymous reports, but anonymity can limit the ability to conduct a full investigation (e.g., verifying details or following up with the complainant). The university will still assess the complaint based on available information, but the process may be constrained compared to non-anonymous reports. 

For specific guidance, students should contact the **Student Conduct and Discipline office** or the **Equality and Diversity Service** directly, as policies can vary. If unsure about the exact steps for anonymous reports, the university’s official resources or these offices can clarify."
FL095,V2Q011,"The statement is incorrect. According to, appeal documentation must be provided **no less than 5 working days prior to the hearing**. This requirement explicitly prohibits submitting appeal papers on the day of the hearing."
FL096,V2Q059,"The concern should move from Early Resolution to the Formal Complaint stage if the issue requires an investigation, as stated in Evidence[h]: ""If a complaint requires an investigation it shall be escalated to the formal stage below."""
FL097,V2Q032,"I'm not certain of the specific factors the University of Liverpool uses to determine whether conduct constitutes harassment, as this would depend on their official policies and legal definitions. For precise information, I recommend consulting the university's harassment policy or contacting their Student Support Services directly. They can provide the exact criteria and guidance relevant to their institution."
FL098,V2Q008,"After a student is notified that programme-fee payments remain outstanding under the 2026–27 Payment Policy, the university typically expects the student to settle the outstanding amount as soon as possible. If the payment is not made by the specified deadline, the university may take further actions, such as suspending the student’s enrollment, applying additional administrative fees, or escalating the matter to a collections process. However, the exact consequences depend on the specific terms outlined in the 2026–27 Payment Policy. For precise details, the student should contact the University of Liverpool’s Student Finance or relevant administrative office directly."
FL099,V2Q063,"The updated Recognition of Prior Learning (RPL) policy at the University of Liverpool would typically outline specific criteria for how prior credit (e.g., work experience, informal learning, or previous qualifications) is assessed and matched to a program. However, **I cannot provide the exact implications of the ""updated"" policy** without access to the specific details of the latest policy changes. 

For accurate information, I recommend checking the official University of Liverpool RPL guidelines or contacting their Student Support Services directly. Policies can vary, and relying on outdated or assumed details might lead to incorrect conclusions."
FL100,V2Q001,"The Student Route visa holder must provide two pieces of evidence to the University of Liverpool: 
1. Evidence of their registration at the other UK HEI within 10 working days of completing their registration. 
2. Evidence that their sponsor has notified UKVI of the change of institution. 

These requirements ensure compliance with visa regulations and maintain sponsorship validity during the intercalated year."
FL101,V2Q063,"The updated Recognition of Prior Learning (RPL) policy implies that prior credit must be matched to **specific learning outcomes** of the programme, rather than being applied as ""general credit."" This is explicitly stated in evidence, which removes references to ""general credit"" and clarifies that credit can only be recognized against specific learning outcomes."
FL102,V2Q038,"The Postgraduate Handbook advises students to use the correct academic regulations and codes for their cohort and degree because these regulations and codes are tailored to specific programs and cohorts, ensuring compliance with the latest requirements. This is explicitly stated in, which emphasizes that regulations and codes of practice are subject to changes, particularly relevant to postgraduate programs, and that a Master’s degree provides a framework specific to the student’s cohort and degree type. Additionally, highlights that information in the handbook varies by cohort, and students must follow the correct version to avoid conflicts with school/institute-specific guidance. Thus, using the correct regulations ensures alignment with the current academic standards and requirements for their specific program and cohort."
FL103,V2Q072,"The Diversity and Equality of Opportunity Policy provides an overarching framework for the University’s approach to equality, and other equality-related policies and plans (such as the Athena Swan Action Plan, Race Equality Charter Action Plan, and various leave policies) are part of this framework. Additionally, the policy is underpinned by other institutional strategies and policies, with a full list available in Appendix D."
FL104,V2Q061,"The roles are divided as follows: the Academic Integrity Office (AIO) investigates academic-integrity offences, and the Academic Integrity Committee (AIC) makes recommendations to the relevant Board of Examiners based on the AIO's findings."
FL105,V2Q084,"The Undergraduate and Postgraduate Handbooks both advise that if a student has been a victim of crime and needs ongoing support, they should first report the incident to the Police and also report it to the University via the online reporting tool."
FL106,V2Q029,"The University undertakes an annual risk-based review of all outstanding programme fee debts, and the results of this review inform its decision-making before applying academic sanctions."
FL107,V2Q039,"The Student Loans Company (SLC) typically pays programme fee loans directly to the university on behalf of the student. This is usually done through electronic transfers to the university's designated account. However, I cannot confirm the exact process for the 2026–27 academic year, as specific procedures may vary or change over time. For the most accurate and up-to-date information, I recommend checking the SLC's official guidelines or contacting the university's student finance office."
FL108,V2Q071,A graduate can apply for the Graduate Route visa after being successfully awarded an eligible qualification and after receiving confirmation from the University that a report has been.
FL109,V2Q077,"The statement is incorrect. According to the evidence, if IAG assesses that an appeal or administrative review is likely to fail, the University reserves the right to administratively withdraw the student from their programme of study and withdraw its sponsorship, even if further appeals are possible. The University is not required to continue sponsoring the student until all appeals are exhausted. Instead, it may act to protect its Student sponsor licence by withdrawing sponsorship if the appeal is deemed unsuccessful."
FL110,V2Q095,"The evidence indicates that if a harassment or sexual-misconduct complaint is handled as a student-conduct investigation, the reporting student (complainant) is expected to engage by attending an investigation meeting. Specifically, states that the designated staff member should invite the reporting party (if there is one) to an investigation meeting to obtain further details and evidence of the alleged misconduct. This implies the complainant’s participation in providing information or clarifying the issue during the meeting. There is no explicit mention of engagement requirements for the responding student (accused) in the provided evidence."
FL111,V2Q039,"The Student Loans Company (SLC) pays a 2026–27 programme-fee loan to the University in three disbursements on specific dates: 28 September 2026 (25% of the fee), 11 January 2027 (25%), and 5 April 2027 (50%)."
FL112,V2Q100,"A sponsored student must provide an official sponsor letter or purchase order (on official letter headed paper) from their sponsor to the Accommodation Office, detailing the value, duration of the sponsorship, and the address where the University should send the invoice. If they still face financial difficulty, they can seek support from the Accommodation Office (for accommodation-related issues) or the Student Fees and Funding Office (for general payment difficulties), as outlined in the University’s help and support resources."
FL113,V2Q093,"The conduct framework indicates that abusive conduct in an intimate relationship is treated as a serious breach, potentially categorized as a Category 1 breach under, which may involve aggravating factors and could lead to referral to the University Disciplinary Panel. This suggests the breach is considered severe due to its nature (domestic abuse implications). 

Regarding grounds for appeal, states that students have the right of appeal against decisions made under Local Disciplinary Action, but the specific grounds for appeal are not detailed in the provided evidence. The framework only confirms the existence of an appeal process, not the exact criteria or grounds."
FL114,V2Q042,"I am not certain of the exact classification of ""unauthorised use of University premises"" in the University of Liverpool's indicative student-conduct sanctions table. This information would depend on the specific policy outlined in the university's student conduct guidelines, which may vary based on severity or context. I recommend consulting the official student conduct policy or contacting the Student Conduct and Discipline office for precise details."
FL115,V2Q050,"The handbook describes that if a complaint cannot be resolved informally, the student should escalate to the **Early Resolution** stage. This is explicitly stated in and, which outline that students should refer to the Student Charter for Early Resolution in such cases. Additionally, confirms that the Complaints Procedure includes Early Resolution as the first formal stage after informal resolution fails.,,"
FL116,V2Q061,"I am not certain of the specific division of roles under the University of Liverpool's updated assessment arrangements for academic integrity offences. University policies can vary, and it is best to consult the official University guidelines or contact the Academic Integrity Office for precise information on their procedures."
FL117,V2Q087,"The Student Attendance Policy connects ordinary attendance responsibilities with Student Route compliance by establishing that attendance monitoring is a formal requirement under UKVI regulations. Specifically: 
- The policy mandates that attendance and engagement for pre-sessional English Language programmes must be recorded and monitored by the Director of the ELC in accordance with the Student Attendance Policy. 
- It outlines that students failing to meet reengagement conditions after intervention points must be referred to the UKVI Attendance Compliance Panel, linking attendance failures directly to compliance actions. 
- While monitoring students abroad is delegated to Deans of Schools under the policy, compliance risk investigations for international students studying abroad fall to the Global Opportunities Team, ensuring alignment with Student Route obligations. 
- Poor attendance under the policy can trigger reportable events under UKVI compliance frameworks, such as those in the Code of Practice on Assessment or Postgraduate Research Code of Practice. 

Thus, the Student Attendance Policy operationalizes attendance tracking as a compliance mechanism for Student Route adherence."
FL118,V2Q020,"The answer is that normally one re-sit or re-take is allowed for each affected assessment. This is specified in evidence, which states: ""You will be permitted one re-sit/re-take of each of the examinations/assessments judged by the Extenuating Circumstances Committee to have been affected by extenuating circumstances."""
FL119,V2Q029,"The University of Liverpool typically follows a process that includes communicating with the student about the outstanding debt, offering support such as payment plans or financial advice, and potentially reviewing the circumstances before applying academic sanctions. However, I cannot confirm the exact steps without referencing the university's current policies. For precise details, I recommend checking the official student finance or student support resources or contacting the university directly."
FL120,V2Q075,"When no independent documentary evidence is available, a student can support an extenuating circumstances claim by submitting a **detailed personal statement** that clearly explains the circumstances, their impact on academic performance, and any relevant context. This statement should be written in a formal and credible manner. 

Additionally, **witness statements** from individuals who can provide firsthand knowledge of the situation (e.g., family members, friends, or professionals involved) may also be considered, though their acceptance depends on the university’s specific policies. 

It is important to note that the University of Liverpool’s extenuating circumstances policy will outline exact requirements, so students should consult the university’s guidelines or contact the Student Support team for tailored advice. If unsure about specific criteria, it is best to explicitly state that the answer depends on the university’s policies rather than making assumptions."
FL121,V2Q100,"A sponsored student must provide an official sponsor letter or purchase order (on official letter headed paper) from their sponsor to the Accommodation Office before registration for the session to which the sponsorship applies. If they still face financial difficulty, they can seek support from the Accommodation Office, which handles inquiries about fines or non-programme charges related to accommodation fees."
FL122,V2Q071,"The Graduate Route visa can typically be applied for after completing your course and obtaining a valid Certificate of Registration (CoR) from your university. However, the exact timing may depend on specific circumstances, such as when you leave the UK or when you secure a job. For precise details, I recommend checking the official UK government guidelines or contacting the University of Liverpool's international student support team, as policies can vary."
FL123,V2Q102,"The evidence provided does not explicitly clarify the relationship between assessment appeals and other student challenge routes. focuses on changes to assessment policies and calculations, while details the process of assessment appeals but does not mention other challenge routes (e.g., complaints, reviews, or disciplinary processes). There is no information in the evidence to address how appeals interact with or differ from other routes."
FL124,V2Q042,"The unauthorized use of University premises is classified as a breach under ""misuse of University property"" in the indicative student-conduct sanctions table. This is explicitly stated in (University of Liverpool Postgraduate Handbook, page 35), which identifies ""misuse of University property"" as a conduct breach. The specific category (e.g., minor, major) would depend on the severity and context, as outlined in Appendix B (referenced in and), but the provided evidence does not specify the exact category for this breach."
FL125,V2Q075,"When no independent documentary evidence is available, an extenuating-circumstances claim can be supported by evidence that the student alerted a university official (e.g., academic adviser, teaching support staff, or central support service) at the time of the difficulties. This is explicitly stated in, which emphasizes that such alerts may be required if independent evidence is lacking. The committee may accept this as supporting evidence, though their discretion applies."
FL126,V2Q080,"The protection against maternity discrimination in the non-work context applies for **26 weeks after giving birth**. This is explicitly stated in, which specifies that in non-work contexts, such protection lasts 26 weeks post-birth, including safeguards against unfavorable treatment related to breastfeeding."
FL127,V2Q080,"The protection against maternity discrimination under the Equality Act 2010 in the UK typically applies for 12 weeks after giving birth in employment contexts. However, I am not certain whether this specific 12-week timeframe applies to non-work contexts (e.g., housing, services, or public spaces). The law may offer broader protections in non-work areas, but the exact duration could vary. For precise details, I recommend consulting official government guidance or a legal expert."
FL128,V2Q079,"The evidence provided does not specify how non-consensual sexual touching would be categorized under the indicative conduct sanctions. It only outlines general principles for categorizing breaches based on severity and context, without detailing specific categories or examples like sexual misconduct."
FL129,V2Q005,"I'm not certain about the specific policy of the University of Liverpool regarding jury service disruptions. Policies can vary, and it's possible the university may offer some form of support or guidance in such cases. I recommend contacting the university's student support services directly for accurate and up-to-date information."
FL130,V2Q014,"A full-time student cannot normally claim extenuating circumstances due to employment interference with studies or a resit. Evidence explicitly states that full-time students are ""not normally eligible to claim for extenuating circumstances in relation to employment,"" including resit examinations. Evidence reinforces this by reiterating that full-time students are ineligible for employment-related claims."
FL131,V2Q038,"The Postgraduate Handbook advises students to use the correct academic regulations and codes for their cohort and degree because these regulations are tailored to the specific level and type of postgraduate program they are enrolled in. This ensures that the academic standards, intellectual development, and requirements are appropriate for their degree (e.g., Master’s) and align with the framework of their cohort."
FL132,V2Q016,"The attendance requirements of a professional body, sponsor, or degree apprenticeship provider take priority if they set stricter requirements than the University's minimum. This is explicitly stated in the evidence: ""Where these requirements are more rigorous than that set by the University in this Policy, the requirements of the PSRB, sponsor and/or degree apprenticeship provider shall prevail""."
FL133,V2Q007,A student can be escalated to Stage Two under the Attendance Policy if their absence extends to eight consecutive unauthorised missed contact points.
FL134,V2Q088,"The monitoring expectations differ primarily in focus and requirements: 

1. **Postgraduate Dissertation Student**: 
 - Monitoring centers on academic progress, research milestones (e.g., proposal approval, data collection, chapter submissions), and adherence to deadlines set by their supervisor. 
 - Expectations include regular meetings with a supervisor, maintaining research integrity, and meeting academic standards for their thesis. 

2. **Student Route Student (Studying Abroad)**: 
 - Monitoring focuses on visa compliance, attendance, and academic progress to maintain their Student Visa status. 
 - Expectations include attending classes regularly, meeting coursework deadlines, and demonstrating satisfactory academic performance as defined by their institution and UK Visas and Immigration (UKVI) requirements. 

The key difference lies in the purpose: the postgraduate student is monitored for academic/research success, while the Student Route student is monitored to ensure visa compliance and course completion within the permitted timeframe. If unsure about specific policies, I recommend checking with the University’s Student Support or Immigration Services."
FL135,V2Q058,"The route available to a postgraduate student who wants to challenge certain decisions of the Board of Examiners is through the **Formal Complaint Review process**. This is outlined in the University of Liverpool Postgraduate Handbook, which states that students dissatisfied with the Board of Examiners' decision can request a review of the outcome."
FL136,V2Q100,"A sponsored student must provide an official sponsor letter or purchase order (on official letter headed paper) from their sponsor before registering for the session to which the sponsorship applies. If they still face financial difficulty, the University offers support through its University Hardship Fund, which can assist students experiencing financial hardship, including cases where other funding has been delayed."
FL137,V2Q002,"To raise concerns about harassment, bullying, discrimination, or victimisation, students or staff should report incidents to their line manager, Head of Department, HR Business Partner, or programme leader. They may also use the University’s Report and Support provision to relay incidents, either named or anonymously."
FL138,V2Q059,"A concern should move from Early Resolution to the Formal Complaint stage if the issue requires an investigation, as specified in Evidence(h). This indicates that low-level concerns are handled informally under Early Resolution, but higher-level issues necessitating formal investigation must be escalated."
FL139,V2Q007,"A student can be escalated to Stage Two under the Attendance Policy if they have eight consecutive unauthorised missed contact points. This threshold is explicitly stated in both evidence (Section 4.5) and evidence (Section 4.6), which outline that such a pattern of absence triggers escalation to Stage Two."
FL140,V2Q013,"The University Disciplinary Panel may impose serious sanctions such as: 
- Suspension or permanent debarment from University facilities or services. 
- Suspension from studies. 
- A delay to graduation. 

These sanctions are specifically associated with Category 3 breaches, as outlined in evidence and."
FL141,V2Q051,"To protect their immigration status while studying at the University of Liverpool, a Student visa holder should: 

1. **Provide and maintain accurate immigration documentation** (e.g., passport, e-visa, arrival proof) to the University, as required by Student Life for verification and compliance[4.1]. 
2. **Adhere to the University’s responsibilities as a visa sponsor**, including reporting any changes to their study status or institution, as failure to comply could affect their stay. 
3. **Follow work restrictions** (e.g., avoiding self-employment, permanent contracts, or prohibited roles) outlined in their visa conditions. 

These steps ensure compliance with UKVI regulations and the University’s obligations."
FL142,V2Q080,The protection against maternity discrimination in the non-work context applies for **26 weeks after giving birth**.
FL143,V2Q093,"The conduct framework indicates that abusive conduct in an intimate relationship may constitute a **Category 1 breach** under, which could lead to referral to the University Disciplinary Panel for more severe sanctions. This suggests the breach is treated as serious due to its nature (domestic abuse implications). Regarding appeal, states that students have the right of appeal against decisions made under local disciplinary action, which would be reviewed by the Student Conduct Panel/Chair. Thus, the grounds for appeal are outlined in the University’s disciplinary procedures, allowing students to challenge sanctions through formal channels."
FL144,V2Q020,"The number of re-sits or re-takes allowed after a permitted reassessment due to extenuating circumstances can vary depending on the specific circumstances, the course regulations, and the assessment type. While many universities typically allow **one re-sit** in such cases, the University of Liverpool’s exact policy may differ. 

**Answer:** I am not certain of the exact number for the University of Liverpool, as policies can vary by course or department. It is advisable to check with your academic advisor or the relevant department for precise details."
FL145,V2Q006,"The student is expected to participate by attending an in-person/online meeting or engaging in a conversation (by telephone/online) with the investigator. They have the right to decline an in-person meeting and request an alternative method of communication. Additionally, if meetings are held, the student may be accompanied by a friend or colleague."
FL146,V2Q091,"Appendix A outlines the procedural steps for handling student conduct cases, including criteria for escalating to a Full Hearing and guidance on Chair’s Action. Appendix B defines specific student conduct breaches and the corresponding indicative sanctions."
FL147,V2Q024,"The Student Route visa holder who reaches Stage Three and fails to meet the agreed re-engagement conditions must be referred to the UKVI Attendance Compliance Panel. This referral is required within ten working days, and the student is not obligated to attend unless specifically invited."
